-- INSERT INTO USER_ (ID, EMAIL, USERNAME, PASSWORD) VALUES (1, 'admin@email.com', 'admin', 'admin1');
-- INSERT INTO ROLE (ROLE_ID, ROLE) VALUES (1, 'ADMIN');
-- INSERT INTO ROLE (ROLE_ID, ROLE) VALUES (2, 'USER');
-- INSERT INTO USER_ROLE (USER_ID, ROLE_ID) VALUES (1, 1);
-- INSERT INTO USER_ROLE (USER_ID, ROLE_ID) VALUES (1, 2);

-- INSERT INTO ARTIST(ID, NAME, IMAGE) VALUES (1, 'Tarkan', 'http://localhost:9999/images/artists/shiba.jpg');
-- INSERT INTO ARTIST (ID, NAME, IMAGE) VALUES (2, 'Sıla', 'http://localhost:9999/images/artists/sila.jpg');
-- INSERT INTO ARTIST (ID, NAME, IMAGE) VALUES (3, 'Kenan Doğulu', 'http://localhost:9999/images/artists/kenan_dogulu.jpg');
-- INSERT INTO ARTIST (ID, NAME, IMAGE) VALUES (4, 'Ezhel', 'http://localhost:9999/images/artists/ezhel.jpg');
-- INSERT INTO ARTIST (ID, NAME, IMAGE) VALUES (5, 'Mehmet Erdem', 'http://localhost:9999/images/artists/mehmet_erdem.jpg');
-- INSERT INTO ARTIST (ID, NAME, IMAGE) VALUES (6, 'Manga', 'http://localhost:9999/images/artists/manga.jpg');


--INSERT ARTISTS

INSERT INTO ARTIST (ID, NAME, IMAGE) VALUES (1, 'Tarkan', 'http://localhost:9999/images/artists/shiba.jpg');
INSERT INTO ARTIST (ID, NAME, IMAGE) VALUES (2, 'Sıla', 'http://localhost:9999/images/artists/shiba.jpg');
INSERT INTO ARTIST (ID, NAME, IMAGE) VALUES (3, 'Kenan Doğulu', 'http://localhost:9999/images/artists/shiba.jpg');
INSERT INTO ARTIST (ID, NAME, IMAGE) VALUES (4, 'Ezhel', 'http://localhost:9999/images/artists/shiba.jpg');
INSERT INTO ARTIST (ID, NAME, IMAGE) VALUES (5, 'Mehmet Erdem', 'http://localhost:9999/images/artists/shiba.jpg');
INSERT INTO ARTIST (ID, NAME, IMAGE) VALUES (6, 'Manga', 'http://localhost:9999/images/artists/shiba.jpg');
INSERT INTO ARTIST (ID, NAME, IMAGE) VALUES (7,'Ceza','http://localhost:9999/images/artists/shiba.jpg');
INSERT INTO ARTIST (ID, NAME, IMAGE) VALUES (8,'Athena','http://localhost:9999/images/artists/shiba.jpg');
INSERT INTO ARTIST (ID, NAME, IMAGE) VALUES (9,'mor ve ötesi','http://localhost:9999/images/artists/shiba.jpg');
INSERT INTO ARTIST (ID, NAME, IMAGE) VALUES (10,'Hey Douglas!','http://localhost:9999/images/artists/shiba.jpg');
INSERT INTO ARTIST (ID, NAME, IMAGE) VALUES (11,'Mabel Matiz','http://localhost:9999/images/artists/shiba.jpg');
INSERT INTO ARTIST (ID, NAME, IMAGE) VALUES (12,'Edis','http://localhost:9999/images/artists/shiba.jpg');
INSERT INTO ARTIST (ID, NAME, IMAGE) VALUES (13,'Murat Boz','http://localhost:9999/images/artists/shiba.jpg');
INSERT INTO ARTIST (ID, NAME, IMAGE) VALUES (14,'Teoman','http://localhost:9999/images/artists/shiba.jpg');
INSERT INTO ARTIST (ID, NAME, IMAGE) VALUES (15,'MFÖ','http://localhost:9999/images/artists/shiba.jpg');
INSERT INTO ARTIST (ID, NAME, IMAGE) VALUES (16, 'Serdar Ortaç', 'http://localhost:9999/images/artists/shiba.jpg');
INSERT INTO ARTIST (ID, NAME, IMAGE) VALUES (17, 'Hande Yener', 'http://localhost:9999/images/artists/shiba.jpg');
INSERT INTO ARTIST (ID, NAME, IMAGE) VALUES (18, 'Bengü', 'http://localhost:9999/images/artists/shiba.jpg');
INSERT INTO ARTIST (ID, NAME, IMAGE) VALUES (19, 'Aleyna Tilki', 'http://localhost:9999/images/artists/shiba.jpg');
INSERT INTO ARTIST (ID, NAME, IMAGE) VALUES (20, 'Murat Dalkılıç', 'http://localhost:9999/images/artists/shiba.jpg');
INSERT INTO ARTIST (ID, NAME, IMAGE) VALUES (21, 'Yıldız Tilbe', 'http://localhost:9999/images/artists/shiba.jpg');
INSERT INTO ARTIST (ID, NAME, IMAGE) VALUES (22, 'Hadise', 'http://localhost:9999/images/artists/shiba.jpg');
INSERT INTO ARTIST (ID, NAME, IMAGE) VALUES (23, 'Ben Fero', 'http://localhost:9999/images/artists/shiba.jpg');
INSERT INTO ARTIST (ID, NAME, IMAGE) VALUES (24, 'Duman', 'http://localhost:9999/images/artists/shiba.jpg');
INSERT INTO ARTIST (ID, NAME, IMAGE) VALUES (25, 'Adamlar', 'http://localhost:9999/images/artists/shiba.jpg');
INSERT INTO ARTIST (ID, NAME, IMAGE) VALUES (26, 'Büyük Ev Ablukada', 'http://localhost:9999/images/artists/shiba.jpg');
INSERT INTO ARTIST (ID, NAME, IMAGE) VALUES (27, 'Yüzyüzeyken Konuşuruz', 'http://localhost:9999/images/artists/shiba.jpg');
INSERT INTO ARTIST (ID, NAME, IMAGE) VALUES (28, 'Son Feci Bisiklet', 'http://localhost:9999/images/artists/shiba.jpg');
INSERT INTO ARTIST (ID, NAME, IMAGE) VALUES (29, 'Gaye Su Akyol', 'http://localhost:9999/images/artists/shiba.jpg');
INSERT INTO ARTIST (ID, NAME, IMAGE) VALUES (30, 'Demet Akalın', 'http://localhost:9999/images/artists/shiba.jpg');


--INSERT VENUES

INSERT INTO VENUE (ID, NAME, ADDRESS, CITY, LATITUDE, LONGITUDE) VALUES (1, 'Harbiye Cemil Topuzlu Açık Hava Tiyatrosu', 'Nişantaşı, Harbiye Mahallesi, 34367 Şişli/İstanbul', 'istanbul', 41.046053, 28.990041 );
INSERT INTO VENUE (ID, NAME, ADDRESS, CITY, LATITUDE, LONGITUDE) VALUES (2, 'Küçükçiftlik Park', 'Harbiye Mahallesi, Kadırgalar Yokuşu No:4, 34367 Maçka/İstanbul', 'istanbul',  41.044681, 28.993117 );
INSERT INTO VENUE (ID, NAME, ADDRESS, CITY, LATITUDE, LONGITUDE) VALUES (3, 'Zorlu PSM - Turkcell Sahnesi', 'Levazım Mah., Koru Sok. No:2, 34340 Beşiktaş/İstanbul', 'istanbul', 41.066146, 29.017428 );
INSERT INTO VENUE (ID, NAME, ADDRESS, CITY, LATITUDE, LONGITUDE) VALUES (4, 'Babylon', 'Merkez, Silahşör Caddesi & Birahane Sokak Tarihi Bomonti Bira Fabrikası No:1, 34384 Şişli/İstanbul', 'istanbul', 41.058295, 28.979829);
INSERT INTO VENUE (ID, NAME, ADDRESS, CITY, LATITUDE, LONGITUDE) VALUES (5, 'Volkswagen Arena', 'Huzur, Maslak Ayazağa Cd. 4/A, 34396 Sarıyer/İstanbul', 'istanbul', 41.108725, 29.007590);
INSERT INTO VENUE (ID, NAME, ADDRESS, CITY, LATITUDE, LONGITUDE) VALUES (6, 'Life Park', 'Kazım Karabekir Paşa, Bahçeköy Cd. No:114, 34473 Sarıyer/İstanbul', 'istanbul', 41.167282, 29.000671)
INSERT INTO VENUE (ID, NAME, ADDRESS, CITY, LATITUDE, LONGITUDE) VALUES (7, 'IF Performance Hall Beşiktaş', 'Cihannüma, Hasfırın Cd. No:26, 34353 Beşiktaş/İstanbul', 'istanbul', 41.044063, 29.006439);
INSERT INTO VENUE (ID, NAME, ADDRESS, CITY, LATITUDE, LONGITUDE) VALUES (8, 'IF Performance Hall Ataşehir', 'Barbaros, Ataşehir Blv. No:216, 34746 Ataşehir/İstanbul', 'istanbul', 40.994201, 29.110373);
INSERT INTO VENUE (ID, NAME, ADDRESS, CITY, LATITUDE, LONGITUDE) VALUES (9, 'Dorock XL', 'Caferağa, Namlı Market Yanı, Mühürdar Cd. No:60, 34710 Kadıköy/İstanbul', 'istanbul', 40.989753, 29.022880);
INSERT INTO VENUE (ID, NAME, ADDRESS, CITY, LATITUDE, LONGITUDE) VALUES (10, 'Jolly Joker Vadistanbul', 'Ayazağa, Ayazağa Cendere Cd. 109/C, 34396 Sarıyer/İstanbul', 'istanbul', 41.107419, 28.987153);
INSERT INTO VENUE (ID, NAME, ADDRESS, CITY, LATITUDE, LONGITUDE) VALUES (11, 'Kadıköy Sahne', 'Osmanağa, Kırtasiyeci Sk. No:23, 34714 Kadıköy/İstanbul', 'istanbul', 40.990339, 29.027750);
INSERT INTO VENUE (ID, NAME, ADDRESS, CITY, LATITUDE, LONGITUDE) VALUES (12, 'Jolly Joker Beyoğlu', 'Hüseyinağa, Balo Sk. No:22, 34435 Beyoğlu/İstanbul', 'istanbul', 41.034952, 28.978550);
INSERT INTO VENUE (ID, NAME, ADDRESS, CITY, LATITUDE, LONGITUDE) VALUES (13, 'Zorlu PSM - %100 Studio', 'Levazım Mah., Koru Sok. No:2, 34340 Beşiktaş/İstanbul', 'istanbul', 41.066146, 29.017428);
-- INSERT INTO VENUE (ID, NAME, ADDRESS, CITY, LATITUDE, LONGITUDE) VALUES ();
-- INSERT INTO VENUE (ID, NAME, ADDRESS, CITY, LATITUDE, LONGITUDE) VALUES ();
-- INSERT INTO VENUE (ID, NAME, ADDRESS, CITY, LATITUDE, LONGITUDE) VALUES ();
-- INSERT INTO VENUE (ID, NAME, ADDRESS, CITY, LATITUDE, LONGITUDE) VALUES ();
-- INSERT INTO VENUE (ID, NAME, ADDRESS, CITY, LATITUDE, LONGITUDE) VALUES ();
-- INSERT INTO VENUE (ID, NAME, ADDRESS, CITY, LATITUDE, LONGITUDE) VALUES ();
-- INSERT INTO VENUE (ID, NAME, ADDRESS, CITY, LATITUDE, LONGITUDE) VALUES ();

--INSERT EVENTS

INSERT INTO EVENT (ID, NAME, DATE, TIME, VENUE_ID) VALUES (1, 'Tarkan', '2019-08-12', '20:00' , 1);
INSERT INTO EVENT (ID, NAME, DATE, TIME, VENUE_ID) VALUES (2, 'Sıla', '2019-08-12', '19:30' , 1);
INSERT INTO EVENT (ID, NAME, DATE, TIME, VENUE_ID) VALUES (3, 'Ceza', '2019-08-20', '20:30', 3);
INSERT INTO EVENT (ID, NAME, DATE, TIME, VENUE_ID) VALUES (4, 'Athena', '2019-08-01', '21:00', 3);
INSERT INTO EVENT (ID, NAME, DATE, TIME, VENUE_ID) VALUES (5, 'Teoman', '2019-08-07', '21:00', 3 );
INSERT INTO EVENT (ID, NAME, DATE, TIME, VENUE_ID) VALUES (6, 'Summerfest', '2019-07-25', '15:00', 2);
INSERT INTO EVENT (ID, NAME, DATE, TIME, VENUE_ID) VALUES (7, 'Tarkan', '2019-07-18', '20:30', 2);
INSERT INTO EVENT (ID, NAME, DATE, TIME, VENUE_ID) VALUES (8, 'Teoman', '2019-07-26', '20:30', 1);
INSERT INTO EVENT (ID, NAME, DATE, TIME, VENUE_ID) VALUES (9, 'Kenan Doğulu', '2019-07-10', '20:00', 1);
INSERT INTO EVENT (ID, NAME, DATE, TIME, VENUE_ID) VALUES (10, 'Tarkan', '2019-06-29', '20:00', 3);
INSERT INTO EVENT (ID, NAME, DATE, TIME, VENUE_ID) VALUES (11, 'Tarkan', '2019-07-29', '20:00', 3);
INSERT INTO EVENT (ID, NAME, DATE, TIME, VENUE_ID) VALUES (12, 'Tarkan', '2019-08-29', '20:00', 2);
INSERT INTO EVENT (ID, NAME, DATE, TIME, VENUE_ID) VALUES (13, 'Tarkan', '2019-08-15', '20:00', 2);
INSERT INTO EVENT (ID, NAME, DATE, TIME, VENUE_ID) VALUES (14, 'Tarkan', '2019-07-10', '20:00', 1);
INSERT INTO EVENT (ID, NAME, DATE, TIME, VENUE_ID) VALUES (15, 'Tarkan', '2019-07-21', '20:00', 3);
INSERT INTO EVENT (ID, NAME, DATE, TIME, VENUE_ID) VALUES (16, 'Tarkan', '2019-06-30', '20:00', 2);


--MAP EVENTS

INSERT INTO EVENT_ARTIST (ARTIST_ID, EVENT_ID) VALUES (1, 1);
INSERT INTO EVENT_ARTIST (ARTIST_ID, EVENT_ID) VALUES (2, 2);
INSERT INTO EVENT_ARTIST (ARTIST_ID, EVENT_ID) VALUES (7, 3);
INSERT INTO EVENT_ARTIST (ARTIST_ID, EVENT_ID) VALUES (8, 4);
INSERT INTO EVENT_ARTIST (ARTIST_ID, EVENT_ID) VALUES (14, 5);
INSERT INTO EVENT_ARTIST (ARTIST_ID, EVENT_ID) VALUES (7, 6);
INSERT INTO EVENT_ARTIST (ARTIST_ID, EVENT_ID) VALUES (14, 6);
INSERT INTO EVENT_ARTIST (ARTIST_ID, EVENT_ID) VALUES (4, 6);
INSERT INTO EVENT_ARTIST (ARTIST_ID, EVENT_ID) VALUES (6, 6);
INSERT INTO EVENT_ARTIST (ARTIST_ID, EVENT_ID) VALUES (10, 6);
INSERT INTO EVENT_ARTIST (ARTIST_ID, EVENT_ID) VALUES (15, 6);
INSERT INTO EVENT_ARTIST (ARTIST_ID, EVENT_ID) VALUES (9, 6);
INSERT INTO EVENT_ARTIST (ARTIST_ID, EVENT_ID) VALUES (1, 7);
INSERT INTO EVENT_ARTIST (ARTIST_ID, EVENT_ID) VALUES (14, 8);
INSERT INTO EVENT_ARTIST (ARTIST_ID, EVENT_ID) VALUES (3, 9);
INSERT INTO EVENT_ARTIST (ARTIST_ID, EVENT_ID) VALUES (1, 10);
INSERT INTO EVENT_ARTIST (ARTIST_ID, EVENT_ID) VALUES (1, 11);
INSERT INTO EVENT_ARTIST (ARTIST_ID, EVENT_ID) VALUES (1, 12);
INSERT INTO EVENT_ARTIST (ARTIST_ID, EVENT_ID) VALUES (1, 13);
INSERT INTO EVENT_ARTIST (ARTIST_ID, EVENT_ID) VALUES (1, 14);
INSERT INTO EVENT_ARTIST (ARTIST_ID, EVENT_ID) VALUES (1, 15);
INSERT INTO EVENT_ARTIST (ARTIST_ID, EVENT_ID) VALUES (1, 16);
INSERT INTO EVENT_ARTIST (ARTIST_ID, EVENT_ID) VALUES (1, 6);


